title,price,rating,reviews,availability
Tinted Face Moisturizer for Men | With Goodness of Kale Oil & Trehalose | Moisturisers + Foundation | Healthy and Balanced Skin | For All Skin Type (Dark) 1 Oz,,4.5 out of 5 stars,30 ratings,In Stock
The Base Story Shade 02 Beige - 8.5gm,,4.1 out of 5 stars,54 ratings,Not Available
"Insight Cosmetics Pro Concealer Palette - Corrector, 15gm",,4.3 out of 5 stars,"9,422 ratings",In Stock
Makeup Fixer Natural With Aloe Vera and Vitamin E,,4.3 out of 5 stars,"26,462 ratings",Not Available
"Garnier Skin Naturals Micellar Cleansing Water, 125ml",,4.5 out of 5 stars,"34,003 ratings",Not Available
"Beauty Rose Gold Remastered + Nude Edition Eyeshadow Palette Combo Kit - 36 Matte and Shimmer Finishes, Includes Black Eyeshadow - Complete Eye Shadow Palette Set",,3.8 out of 5 stars,"2,705 ratings",Not Available
"Bold Matt Lip Liner | Long-lasting |Matte Finish | Non-drying | Shade-06, 1.6gm",,5.0 out of 5 stars,,Not Available
Strobe Cream - Rose Gold | with Shea Butter & Hyaluronic Acid | Hydrating & Illuminating Makeup | for Radiant Dewy Skin | 1.01 Fl Oz (30ml),,4.6 out of 5 stars,"3,844 ratings",Not Available
Professional Foundation/Concealer Base for face makeup (sand Sable),,5.0 out of 5 stars,,Not Available
"Lip & Cheek Tint Cherry, Hydrates Dry & Chapped Lips, Women & Girls - 5ml",,4.2 out of 5 stars,"1,511 ratings",Not Available
"Maybelline New York Color Sensational Lipstick, Lip Makeup, Matte Finish, Hydrating Lipstick, Nude, Pink, Red, Plum Lip Color, Touch Of Spice, 1 Count",,4.4 out of 5 stars,"56,389 ratings",Not Available
"Women’s Large Capacity Cosmetic Travel Bag – Waterproof Leather Makeup Organizer with Wide Opening, Dividers with Handle, BROWN, CROSS OPEN",,3.8 out of 5 stars,625 ratings,Not Available
"Maybelline New York Colossal Bold Eyeliner, Black, 3g",,4.3 out of 5 stars,"34,391 ratings",Not Available
"Makeup Sponge Set Beauty Blender with Egg Case, Soft Sponge For Liquid Foundation, Creams, and Powders Latex Free Wet and Dry Makeup (Multicolor 4 Big + 3 Mini -7 Pcs set)",,4.2 out of 5 stars,"2,206 ratings",Not Available
ALOXE Cosmetic Organizer Box Drawers Storage Plastic Stationary Box | Make Up Organiser For Women,,4.7 out of 5 stars,"6,150 ratings",Not Available
Makeup Kit + 5 Pcs Makeup Brush + 2 Pc Blender Puff Combo - Multicolor,,3.8 out of 5 stars,"13,760 ratings",Not Available
Makeup Brush Set 8PCS Mini With Storage (Blue Gray),,3.7 out of 5 stars,668 ratings,Not Available
"2 Pcs Powder Puff Soft Face Makeup Sponge, Loose powder Foundation Blending Sponges Set, Beauty Blender, Contouring, Wedge Triangle Shape Wet & Dry Tool Washable Reusable (Dark Pink)",,4.2 out of 5 stars,892 ratings,Not Available
Weightless Matte Finish Compact Powder - Natural | Non Oily Pressed Powder | Easy Blendable & Lightweight | Sun Protection with Vitamin E | 0.32 Oz/9g,,4.4 out of 5 stars,"10,357 ratings",Not Available
"d'alba Piedmont Italian White Truffle First Spray Serum, Vegan Skin Care, Light-weight Face Moisturizer, Glow Serum for Radiant Skin, Non Comedogenic, All In One Mist, Korean Skin Care (3.38 fl oz.)",,4.6 out of 5 stars,"19,197 ratings",Not Available
Herb Enriched Ayurvedic Lipstick Shade Sampler Kit,,4.3 out of 5 stars,"25,417 ratings",Not Available
"ETUDE Over Glowy Tint #6 Humming Pink | Non-Sticky Vegan Lip Tint | Moisturized & Long-lasting Lip Gloss | Daily Lip Stain for Dry Lips | Korean Makeup, K-beauty",,4.2 out of 5 stars,64 ratings,Not Available
